<?xml version="1.0" encoding="utf-8"?>
<!DOCTYPE ui SYSTEM "gtkuimanager.dtd">
<!-- This file is automatically generated. Do not edit! -->
<ui>

  <popup action="dockable-popup">
    <menuitem action="dockable-menu"/>
    <menu action="dockable-add-tab-menu">
      
  <menuitem action="dialogs-tool-options"/>
  <menuitem action="dialogs-device-status"/>
  <separator/>
  <menuitem action="dialogs-layers"/>
  <menuitem action="dialogs-channels"/>
  <menuitem action="dialogs-vectors"/>
  <menuitem action="dialogs-indexed-palette"/>
  <menuitem action="dialogs-histogram"/>
  <menuitem action="dialogs-selection-editor"/>
  <menuitem action="dialogs-navigation"/>
  <menuitem action="dialogs-undo-history"/>
  <menuitem action="dialogs-cursor"/>
  <menuitem action="dialogs-sample-points"/>
  <separator/>
  <menuitem action="dialogs-colors"/>
  <menuitem action="dialogs-brushes"/>
  <menuitem action="dialogs-patterns"/>
  <menuitem action="dialogs-gradients"/>
  <menuitem action="dialogs-palettes"/>
  <menuitem action="dialogs-fonts"/>
  <menuitem action="dialogs-buffers"/>
  <separator/>
  <menuitem action="dialogs-images"/>
  <menuitem action="dialogs-document-history"/>
  <menuitem action="dialogs-templates"/>
  <menuitem action="dialogs-tools"/>
  <menuitem action="dialogs-error-console"/>

    </menu>
    <menuitem action="dockable-close-tab"/>
    <menuitem action="dockable-detach-tab"/>
    <menuitem action="dockable-lock-tab"/>
    <separator/>
    <menu action="dockable-preview-size-menu">
      <menuitem action="dockable-preview-size-tiny"/>
      <menuitem action="dockable-preview-size-extra-small"/>
      <menuitem action="dockable-preview-size-small"/>
      <menuitem action="dockable-preview-size-medium"/>
      <menuitem action="dockable-preview-size-large"/>
      <menuitem action="dockable-preview-size-extra-large"/>
      <menuitem action="dockable-preview-size-enormous"/>
      <menuitem action="dockable-preview-size-gigantic"/>
    </menu>
    <menu action="dockable-tab-style-menu">
      <menuitem action="dockable-tab-style-icon"/>
      <menuitem action="dockable-tab-style-preview"/>
      <menuitem action="dockable-tab-style-name"/>
      <menuitem action="dockable-tab-style-icon-name"/>
      <menuitem action="dockable-tab-style-preview-name"/>
    </menu>
    <menuitem action="dockable-view-type-list"/>
    <menuitem action="dockable-view-type-grid"/>
    <menuitem action="dockable-show-button-bar"/>
    <separator/>
    <menuitem action="dock-show-image-menu"/>
    <menuitem action="dock-auto-follow-active"/>
    <separator/>
    <menu action="dock-move-to-screen-menu" name="Move to Screen">
      <menuitem action="dock-open-display"/>
      <separator/>
    </menu>
  </popup>
</ui>
