<?xml version="1.0" encoding="utf-8"?>
<!DOCTYPE ui SYSTEM "gtkuimanager.dtd">

<ui>
  <popup action="patterns-popup">

    <menuitem action="patterns-open-as-image" />

    <!-- disabled because they are useless now
    <menuitem action="patterns-edit" />
    <separator />
    <menuitem action="patterns-new" />
    <menuitem action="patterns-duplicate" />
    -->

    <menuitem action="patterns-copy-location" />
    <menuitem action="patterns-delete" />
    <separator />
    <menuitem action="patterns-refresh" />
    <separator />
  </popup>
</ui>
